"filename", "language", "XML", "JSON", "C#", "UnityShader", "Markdown", "HTML", "comment", "blank", "total"
"e:\GitHub\Project-Cronus\Cronus\Assembly-CSharp-firstpass.csproj", "XML", 1356, 0, 0, 0, 0, 0, 1, 1, 1358
"e:\GitHub\Project-Cronus\Cronus\Assembly-CSharp.csproj", "XML", 1424, 0, 0, 0, 0, 0, 1, 1, 1426
"e:\GitHub\Project-Cronus\Cronus\Assets\AstarPathfindingProject\AstarPathfindingProject.asmdef", "JSON", 0, 8, 0, 0, 0, 0, 0, 0, 8
"e:\GitHub\Project-Cronus\Cronus\Assets\AstarPathfindingProject\Behaviors\AIDestinationSetter.cs", "C#", 0, 0, 20, 0, 0, 0, 15, 5, 40
"e:\GitHub\Project-Cronus\Cronus\Assets\AstarPathfindingProject\Behaviors\Patrol.cs", "C#", 0, 0, 32, 0, 0, 0, 16, 12, 60
"e:\GitHub\Project-Cronus\Cronus\Assets\AstarPathfindingProject\CHANGELOG.md", "Markdown", 0, 0, 0, 0, 1894, 0, 0, 105, 1999
"e:\GitHub\Project-Cronus\Cronus\Assets\AstarPathfindingProject\Core\AI\AIBase.cs", "C#", 0, 0, 357, 0, 0, 0, 314, 104, 775
"e:\GitHub\Project-Cronus\Cronus\Assets\AstarPathfindingProject\Core\AI\AILerp.cs", "C#", 0, 0, 351, 0, 0, 0, 243, 108, 702
"e:\GitHub\Project-Cronus\Cronus\Assets\AstarPathfindingProject\Core\AI\AIPath.cs", "C#", 0, 0, 214, 0, 0, 0, 201, 77, 492
"e:\GitHub\Project-Cronus\Cronus\Assets\AstarPathfindingProject\Core\AI\IAstarAI.cs", "C#", 0, 0, 31, 0, 0, 0, 336, 26, 393
"e:\GitHub\Project-Cronus\Cronus\Assets\AstarPathfindingProject\Core\AI\NavmeshController.cs", "C#", 0, 0, 0, 0, 0, 0, 3, 2, 5
"e:\GitHub\Project-Cronus\Cronus\Assets\AstarPathfindingProject\Core\AI\Seeker.cs", "C#", 0, 0, 190, 0, 0, 0, 252, 66, 508
"e:\GitHub\Project-Cronus\Cronus\Assets\AstarPathfindingProject\Core\AI\TurnBasedAI.cs", "C#", 0, 0, 19, 0, 0, 0, 3, 4, 26
"e:\GitHub\Project-Cronus\Cronus\Assets\AstarPathfindingProject\Core\AstarData.cs", "C#", 0, 0, 407, 0, 0, 0, 220, 107, 734
"e:\GitHub\Project-Cronus\Cronus\Assets\AstarPathfindingProject\Core\AstarMath.cs", "C#", 0, 0, 799, 0, 0, 0, 484, 248, 1531
"e:\GitHub\Project-Cronus\Cronus\Assets\AstarPathfindingProject\Core\AstarPath.cs", "C#", 0, 0, 845, 0, 0, 0, 1018, 301, 2164
"e:\GitHub\Project-Cronus\Cronus\Assets\AstarPathfindingProject\Core\GraphUpdateScene.cs", "C#", 0, 0, 209, 0, 0, 0, 132, 58, 399
"e:\GitHub\Project-Cronus\Cronus\Assets\AstarPathfindingProject\Core\GraphUpdateShape.cs", "C#", 0, 0, 96, 0, 0, 0, 32, 16, 144
"e:\GitHub\Project-Cronus\Cronus\Assets\AstarPathfindingProject\Core\Misc\AnimationLink.cs", "C#", 0, 0, 98, 0, 0, 0, 1, 24, 123
"e:\GitHub\Project-Cronus\Cronus\Assets\AstarPathfindingProject\Core\Misc\ArrayPool.cs", "C#", 0, 0, 112, 0, 0, 0, 68, 19, 199
"e:\GitHub\Project-Cronus\Cronus\Assets\AstarPathfindingProject\Core\Misc\AstarDebugger.cs", "C#", 0, 0, 226, 0, 0, 0, 35, 77, 338
"e:\GitHub\Project-Cronus\Cronus\Assets\AstarPathfindingProject\Core\Misc\AutoRepathPolicy.cs", "C#", 0, 0, 45, 0, 0, 0, 41, 15, 101
"e:\GitHub\Project-Cronus\Cronus\Assets\AstarPathfindingProject\Core\Misc\BinaryHeap.cs", "C#", 0, 0, 191, 0, 0, 0, 82, 52, 325
"e:\GitHub\Project-Cronus\Cronus\Assets\AstarPathfindingProject\Core\Misc\Draw.cs", "C#", 0, 0, 71, 0, 0, 0, 1, 20, 92
"e:\GitHub\Project-Cronus\Cronus\Assets\AstarPathfindingProject\Core\Misc\EditorResourceHelper.cs", "C#", 0, 0, 80, 0, 0, 0, 10, 16, 106
"e:\GitHub\Project-Cronus\Cronus\Assets\AstarPathfindingProject\Core\Misc\GraphEditorBase.cs", "C#", 0, 0, 7, 0, 0, 0, 2, 2, 11
"e:\GitHub\Project-Cronus\Cronus\Assets\AstarPathfindingProject\Core\Misc\GraphModifier.cs", "C#", 0, 0, 119, 0, 0, 0, 57, 29, 205
"e:\GitHub\Project-Cronus\Cronus\Assets\AstarPathfindingProject\Core\Misc\GraphUpdateProcessor.cs", "C#", 0, 0, 242, 0, 0, 0, 65, 63, 370
"e:\GitHub\Project-Cronus\Cronus\Assets\AstarPathfindingProject\Core\Misc\GraphUtilities.cs", "C#", 0, 0, 145, 0, 0, 0, 100, 26, 271
"e:\GitHub\Project-Cronus\Cronus\Assets\AstarPathfindingProject\Core\Misc\HierarchicalGraph.cs", "C#", 0, 0, 222, 0, 0, 0, 77, 48, 347
"e:\GitHub\Project-Cronus\Cronus\Assets\AstarPathfindingProject\Core\Misc\Int3.cs", "C#", 0, 0, 220, 0, 0, 0, 32, 63, 315
"e:\GitHub\Project-Cronus\Cronus\Assets\AstarPathfindingProject\Core\Misc\ListPool.cs", "C#", 0, 0, 115, 0, 0, 0, 74, 23, 212
"e:\GitHub\Project-Cronus\Cronus\Assets\AstarPathfindingProject\Core\Misc\MovementUtilities.cs", "C#", 0, 0, 71, 0, 0, 0, 77, 27, 175
"e:\GitHub\Project-Cronus\Cronus\Assets\AstarPathfindingProject\Core\Misc\NodeLink.cs", "C#", 0, 0, 116, 0, 0, 0, 16, 26, 158
"e:\GitHub\Project-Cronus\Cronus\Assets\AstarPathfindingProject\Core\Misc\NodeLink2.cs", "C#", 0, 0, 220, 0, 0, 0, 32, 57, 309
"e:\GitHub\Project-Cronus\Cronus\Assets\AstarPathfindingProject\Core\Misc\NodeLink3.cs", "C#", 0, 0, 228, 0, 0, 0, 18, 68, 314
"e:\GitHub\Project-Cronus\Cronus\Assets\AstarPathfindingProject\Core\Misc\ObjectPool.cs", "C#", 0, 0, 65, 0, 0, 0, 56, 11, 132
"e:\GitHub\Project-Cronus\Cronus\Assets\AstarPathfindingProject\Core\Misc\PathInterpolator.cs", "C#", 0, 0, 144, 0, 0, 0, 27, 36, 207
"e:\GitHub\Project-Cronus\Cronus\Assets\AstarPathfindingProject\Core\Misc\PathPool.cs", "C#", 0, 0, 65, 0, 0, 0, 11, 13, 89
"e:\GitHub\Project-Cronus\Cronus\Assets\AstarPathfindingProject\Core\Misc\PathProcessor.cs", "C#", 0, 0, 340, 0, 0, 0, 138, 110, 588
"e:\GitHub\Project-Cronus\Cronus\Assets\AstarPathfindingProject\Core\Misc\PathReturnQueue.cs", "C#", 0, 0, 42, 0, 0, 0, 20, 12, 74
"e:\GitHub\Project-Cronus\Cronus\Assets\AstarPathfindingProject\Core\Misc\StackPool.cs", "C#", 0, 0, 46, 0, 0, 0, 40, 13, 99
"e:\GitHub\Project-Cronus\Cronus\Assets\AstarPathfindingProject\Core\Misc\ThreadControlQueue.cs", "C#", 0, 0, 181, 0, 0, 0, 66, 45, 292
"e:\GitHub\Project-Cronus\Cronus\Assets\AstarPathfindingProject\Core\Misc\WindowsStoreCompatibility.cs", "C#", 0, 0, 111, 0, 0, 0, 15, 23, 149
"e:\GitHub\Project-Cronus\Cronus\Assets\AstarPathfindingProject\Core\Misc\WorkItemProcessor.cs", "C#", 0, 0, 167, 0, 0, 0, 129, 43, 339
"e:\GitHub\Project-Cronus\Cronus\Assets\AstarPathfindingProject\Core\Nodes\GraphNode.cs", "C#", 0, 0, 330, 0, 0, 0, 385, 97, 812
"e:\GitHub\Project-Cronus\Cronus\Assets\AstarPathfindingProject\Core\Path.cs", "C#", 0, 0, 375, 0, 0, 0, 360, 111, 846
"e:\GitHub\Project-Cronus\Cronus\Assets\AstarPathfindingProject\Core\PathHandler.cs", "C#", 0, 0, 100, 0, 0, 0, 76, 34, 210
"e:\GitHub\Project-Cronus\Cronus\Assets\AstarPathfindingProject\Core\Serialization\JsonConverters.cs", "C#", 0, 0, 0, 0, 0, 0, 3, 2, 5
"e:\GitHub\Project-Cronus\Cronus\Assets\AstarPathfindingProject\Core\Serialization\JsonSerializer.cs", "C#", 0, 0, 577, 0, 0, 0, 159, 176, 912
"e:\GitHub\Project-Cronus\Cronus\Assets\AstarPathfindingProject\Core\Serialization\SimpleJsonReplacement.cs", "C#", 0, 0, 0, 0, 0, 0, 3, 2, 5
"e:\GitHub\Project-Cronus\Cronus\Assets\AstarPathfindingProject\Core\Serialization\SimpleZipReplacement.cs", "C#", 0, 0, 62, 0, 0, 0, 0, 18, 80
"e:\GitHub\Project-Cronus\Cronus\Assets\AstarPathfindingProject\Core\Serialization\TinyJson.cs", "C#", 0, 0, 383, 0, 0, 0, 30, 54, 467
"e:\GitHub\Project-Cronus\Cronus\Assets\AstarPathfindingProject\Core\astarclasses.cs", "C#", 0, 0, 518, 0, 0, 0, 543, 145, 1206
"e:\GitHub\Project-Cronus\Cronus\Assets\AstarPathfindingProject\Documentation\documentation.html", "HTML", 0, 0, 0, 0, 0, 15381, 0, 1662, 17043
"e:\GitHub\Project-Cronus\Cronus\Assets\AstarPathfindingProject\Documentation\index.md", "Markdown", 0, 0, 0, 0, 6, 0, 0, 2, 8
"e:\GitHub\Project-Cronus\Cronus\Assets\AstarPathfindingProject\Editor\AIBaseEditor.cs", "C#", 0, 0, 135, 0, 0, 0, 3, 25, 163
"e:\GitHub\Project-Cronus\Cronus\Assets\AstarPathfindingProject\Editor\AILerpEditor.cs", "C#", 0, 0, 27, 0, 0, 0, 0, 5, 32
"e:\GitHub\Project-Cronus\Cronus\Assets\AstarPathfindingProject\Editor\AnimationLinkEditor.cs", "C#", 0, 0, 21, 0, 0, 0, 0, 4, 25
"e:\GitHub\Project-Cronus\Cronus\Assets\AstarPathfindingProject\Editor\AstarPathEditor.cs", "C#", 0, 0, 1046, 0, 0, 0, 107, 295, 1448
"e:\GitHub\Project-Cronus\Cronus\Assets\AstarPathfindingProject\Editor\AstarPathfindingProjectEditor.asmdef", "JSON", 0, 13, 0, 0, 0, 0, 0, 0, 13
"e:\GitHub\Project-Cronus\Cronus\Assets\AstarPathfindingProject\Editor\AstarUpdateChecker.cs", "C#", 0, 0, 230, 0, 0, 0, 36, 44, 310
"e:\GitHub\Project-Cronus\Cronus\Assets\AstarPathfindingProject\Editor\AstarUpdateWindow.cs", "C#", 0, 0, 81, 0, 0, 0, 1, 22, 104
"e:\GitHub\Project-Cronus\Cronus\Assets\AstarPathfindingProject\Editor\CustomGraphEditorAttribute.cs", "C#", 0, 0, 12, 0, 0, 0, 4, 4, 20
"e:\GitHub\Project-Cronus\Cronus\Assets\AstarPathfindingProject\Editor\EditorAssets\Materials\Navmesh.cginc", "UnityShader", 0, 0, 0, 51, 0, 0, 19, 8, 78
"e:\GitHub\Project-Cronus\Cronus\Assets\AstarPathfindingProject\Editor\EditorAssets\Materials\Navmesh.shader", "UnityShader", 0, 0, 0, 89, 0, 0, 2, 28, 119
"e:\GitHub\Project-Cronus\Cronus\Assets\AstarPathfindingProject\Editor\EditorAssets\Materials\NavmeshOutline.shader", "UnityShader", 0, 0, 0, 70, 0, 0, 3, 15, 88
"e:\GitHub\Project-Cronus\Cronus\Assets\AstarPathfindingProject\Editor\GraphEditors\GraphEditor.cs", "C#", 0, 0, 107, 0, 0, 0, 14, 25, 146
"e:\GitHub\Project-Cronus\Cronus\Assets\AstarPathfindingProject\Editor\GraphEditors\GridGeneratorEditor.cs", "C#", 0, 0, 563, 0, 0, 0, 28, 141, 732
"e:\GitHub\Project-Cronus\Cronus\Assets\AstarPathfindingProject\Editor\GraphEditors\NavMeshGeneratorEditor.cs", "C#", 0, 0, 28, 0, 0, 0, 0, 10, 38
"e:\GitHub\Project-Cronus\Cronus\Assets\AstarPathfindingProject\Editor\GraphEditors\PointGeneratorEditor.cs", "C#", 0, 0, 38, 0, 0, 0, 0, 14, 52
"e:\GitHub\Project-Cronus\Cronus\Assets\AstarPathfindingProject\Editor\GraphUpdateSceneEditor.cs", "C#", 0, 0, 258, 0, 0, 0, 11, 51, 320
"e:\GitHub\Project-Cronus\Cronus\Assets\AstarPathfindingProject\Editor\Legacy\LegacyAIPathEditor2.cs", "C#", 0, 0, 17, 0, 0, 0, 0, 2, 19
"e:\GitHub\Project-Cronus\Cronus\Assets\AstarPathfindingProject\Editor\Legacy\LegacyEditorHelper2.cs", "C#", 0, 0, 28, 0, 0, 0, 0, 2, 30
"e:\GitHub\Project-Cronus\Cronus\Assets\AstarPathfindingProject\Editor\ModifierEditors\RaycastModifierEditor.cs", "C#", 0, 0, 29, 0, 0, 0, 0, 6, 35
"e:\GitHub\Project-Cronus\Cronus\Assets\AstarPathfindingProject\Editor\ModifierEditors\SmoothModifierEditor.cs", "C#", 0, 0, 39, 0, 0, 0, 0, 7, 46
"e:\GitHub\Project-Cronus\Cronus\Assets\AstarPathfindingProject\Editor\ProceduralGridMoverEditor.cs", "C#", 0, 0, 23, 0, 0, 0, 1, 5, 29
"e:\GitHub\Project-Cronus\Cronus\Assets\AstarPathfindingProject\Editor\SeekerEditor.cs", "C#", 0, 0, 117, 0, 0, 0, 4, 22, 143
"e:\GitHub\Project-Cronus\Cronus\Assets\AstarPathfindingProject\ExampleScenes\Example12_Procedural\ProceduralWorld.cs", "C#", 0, 0, 175, 0, 0, 0, 52, 55, 282
"e:\GitHub\Project-Cronus\Cronus\Assets\AstarPathfindingProject\ExampleScenes\ExampleScripts\AstarSmoothFollow2.cs", "C#", 0, 0, 30, 0, 0, 0, 4, 5, 39
"e:\GitHub\Project-Cronus\Cronus\Assets\AstarPathfindingProject\ExampleScenes\ExampleScripts\DoorController.cs", "C#", 0, 0, 38, 0, 0, 0, 9, 13, 60
"e:\GitHub\Project-Cronus\Cronus\Assets\AstarPathfindingProject\ExampleScenes\ExampleScripts\MineBotAI.cs", "C#", 0, 0, 36, 0, 0, 0, 14, 6, 56
"e:\GitHub\Project-Cronus\Cronus\Assets\AstarPathfindingProject\ExampleScenes\ExampleScripts\MineBotAnimation.cs", "C#", 0, 0, 32, 0, 0, 0, 31, 11, 74
"e:\GitHub\Project-Cronus\Cronus\Assets\AstarPathfindingProject\ExampleScenes\ExampleScripts\ObjectPlacer.cs", "C#", 0, 0, 52, 0, 0, 0, 14, 13, 79
"e:\GitHub\Project-Cronus\Cronus\Assets\AstarPathfindingProject\ExampleScenes\ExampleScripts\SnapToNode.cs", "C#", 0, 0, 16, 0, 0, 0, 4, 2, 22
"e:\GitHub\Project-Cronus\Cronus\Assets\AstarPathfindingProject\ExampleScenes\ExampleScripts\TargetMover.cs", "C#", 0, 0, 51, 0, 0, 0, 15, 12, 78
"e:\GitHub\Project-Cronus\Cronus\Assets\AstarPathfindingProject\ExampleScenes\Materials\DiffuseAlwaysVisible.shader", "UnityShader", 0, 0, 0, 30, 0, 0, 0, 16, 46
"e:\GitHub\Project-Cronus\Cronus\Assets\AstarPathfindingProject\ExampleScenes\Materials\Projector Light.shader", "UnityShader", 0, 0, 0, 26, 0, 0, 0, 0, 26
"e:\GitHub\Project-Cronus\Cronus\Assets\AstarPathfindingProject\Generators\Base.cs", "C#", 0, 0, 291, 0, 0, 0, 314, 95, 700
"e:\GitHub\Project-Cronus\Cronus\Assets\AstarPathfindingProject\Generators\GridGenerator.cs", "C#", 0, 0, 1157, 0, 0, 0, 741, 345, 2243
"e:\GitHub\Project-Cronus\Cronus\Assets\AstarPathfindingProject\Generators\NavMeshGenerator.cs", "C#", 0, 0, 161, 0, 0, 0, 60, 52, 273
"e:\GitHub\Project-Cronus\Cronus\Assets\AstarPathfindingProject\Generators\NavmeshBase.cs", "C#", 0, 0, 798, 0, 0, 0, 336, 233, 1367
"e:\GitHub\Project-Cronus\Cronus\Assets\AstarPathfindingProject\Generators\NodeClasses\GridNode.cs", "C#", 0, 0, 241, 0, 0, 0, 57, 64, 362
"e:\GitHub\Project-Cronus\Cronus\Assets\AstarPathfindingProject\Generators\NodeClasses\GridNodeBase.cs", "C#", 0, 0, 207, 0, 0, 0, 98, 58, 363
"e:\GitHub\Project-Cronus\Cronus\Assets\AstarPathfindingProject\Generators\NodeClasses\PointNode.cs", "C#", 0, 0, 146, 0, 0, 0, 86, 41, 273
"e:\GitHub\Project-Cronus\Cronus\Assets\AstarPathfindingProject\Generators\NodeClasses\TriangleMeshNode.cs", "C#", 0, 0, 250, 0, 0, 0, 120, 91, 461
"e:\GitHub\Project-Cronus\Cronus\Assets\AstarPathfindingProject\Generators\PointGenerator.cs", "C#", 0, 0, 318, 0, 0, 0, 184, 90, 592
"e:\GitHub\Project-Cronus\Cronus\Assets\AstarPathfindingProject\Generators\QuadtreeGraph.cs", "C#", 0, 0, 0, 0, 0, 0, 3, 2, 5
"e:\GitHub\Project-Cronus\Cronus\Assets\AstarPathfindingProject\Generators\Utilities\BBTree.cs", "C#", 0, 0, 359, 0, 0, 0, 103, 86, 548
"e:\GitHub\Project-Cronus\Cronus\Assets\AstarPathfindingProject\Generators\Utilities\EuclideanEmbedding.cs", "C#", 0, 0, 32, 0, 0, 0, 12, 15, 59
"e:\GitHub\Project-Cronus\Cronus\Assets\AstarPathfindingProject\Generators\Utilities\GraphTransform.cs", "C#", 0, 0, 141, 0, 0, 0, 43, 32, 216
"e:\GitHub\Project-Cronus\Cronus\Assets\AstarPathfindingProject\Generators\Utilities\GridLookup.cs", "C#", 0, 0, 132, 0, 0, 0, 35, 26, 193
"e:\GitHub\Project-Cronus\Cronus\Assets\AstarPathfindingProject\Generators\Utilities\NavMeshRenderer.cs", "C#", 0, 0, 0, 0, 0, 0, 3, 2, 5
"e:\GitHub\Project-Cronus\Cronus\Assets\AstarPathfindingProject\Generators\Utilities\NavmeshTile.cs", "C#", 0, 0, 38, 0, 0, 0, 18, 21, 77
"e:\GitHub\Project-Cronus\Cronus\Assets\AstarPathfindingProject\Generators\Utilities\ObjImporter.cs", "C#", 0, 0, 212, 0, 0, 0, 15, 17, 244
"e:\GitHub\Project-Cronus\Cronus\Assets\AstarPathfindingProject\Generators\Utilities\PointKDTree.cs", "C#", 0, 0, 212, 0, 0, 0, 53, 45, 310
"e:\GitHub\Project-Cronus\Cronus\Assets\AstarPathfindingProject\Legacy\Editor\LegacyAIPathEditor.cs", "C#", 0, 0, 0, 0, 0, 0, 3, 2, 5
"e:\GitHub\Project-Cronus\Cronus\Assets\AstarPathfindingProject\Legacy\Editor\LegacyEditorHelper.cs", "C#", 0, 0, 0, 0, 0, 0, 3, 2, 5
"e:\GitHub\Project-Cronus\Cronus\Assets\AstarPathfindingProject\Legacy\Editor\LegacyRVOControllerEditor.cs", "C#", 0, 0, 0, 0, 0, 0, 3, 2, 5
"e:\GitHub\Project-Cronus\Cronus\Assets\AstarPathfindingProject\Legacy\Editor\LegacyRichAIEditor.cs", "C#", 0, 0, 0, 0, 0, 0, 3, 2, 5
"e:\GitHub\Project-Cronus\Cronus\Assets\AstarPathfindingProject\Legacy\LegacyAIPath.cs", "C#", 0, 0, 141, 0, 0, 0, 99, 53, 293
"e:\GitHub\Project-Cronus\Cronus\Assets\AstarPathfindingProject\Legacy\MiscLegacy.cs", "C#", 0, 0, 22, 0, 0, 0, 21, 6, 49
"e:\GitHub\Project-Cronus\Cronus\Assets\AstarPathfindingProject\Modifiers\AlternativePath.cs", "C#", 0, 0, 62, 0, 0, 0, 17, 18, 97
"e:\GitHub\Project-Cronus\Cronus\Assets\AstarPathfindingProject\Modifiers\FunnelModifier.cs", "C#", 0, 0, 51, 0, 0, 0, 47, 11, 109
"e:\GitHub\Project-Cronus\Cronus\Assets\AstarPathfindingProject\Modifiers\Modifiers.cs", "C#", 0, 0, 48, 0, 0, 0, 26, 16, 90
"e:\GitHub\Project-Cronus\Cronus\Assets\AstarPathfindingProject\Modifiers\RaycastModifier.cs", "C#", 0, 0, 191, 0, 0, 0, 86, 41, 318
"e:\GitHub\Project-Cronus\Cronus\Assets\AstarPathfindingProject\Modifiers\SimpleSmoothModifier.cs", "C#", 0, 0, 235, 0, 0, 0, 52, 80, 367
"e:\GitHub\Project-Cronus\Cronus\Assets\AstarPathfindingProject\Modifiers\StartEndModifier.cs", "C#", 0, 0, 126, 0, 0, 0, 124, 36, 286
"e:\GitHub\Project-Cronus\Cronus\Assets\AstarPathfindingProject\Navmesh\NavmeshUpdates.cs", "C#", 0, 0, 20, 0, 0, 0, 33, 3, 56
"e:\GitHub\Project-Cronus\Cronus\Assets\AstarPathfindingProject\Navmesh\RelevantGraphSurface.cs", "C#", 0, 0, 67, 0, 0, 0, 11, 17, 95
"e:\GitHub\Project-Cronus\Cronus\Assets\AstarPathfindingProject\PackageTools\Editor\EditorBase.cs", "C#", 0, 0, 200, 0, 0, 0, 9, 38, 247
"e:\GitHub\Project-Cronus\Cronus\Assets\AstarPathfindingProject\PackageTools\Editor\EditorGUIx.cs", "C#", 0, 0, 164, 0, 0, 0, 39, 43, 246
"e:\GitHub\Project-Cronus\Cronus\Assets\AstarPathfindingProject\PackageTools\Editor\EnumFlagDrawer.cs", "C#", 0, 0, 32, 0, 0, 0, 3, 5, 40
"e:\GitHub\Project-Cronus\Cronus\Assets\AstarPathfindingProject\PackageTools\Editor\PackageToolsEditor.asmdef", "JSON", 0, 12, 0, 0, 0, 0, 0, 0, 12
"e:\GitHub\Project-Cronus\Cronus\Assets\AstarPathfindingProject\PackageTools\EnumFlagAttribute.cs", "C#", 0, 0, 5, 0, 0, 0, 1, 2, 8
"e:\GitHub\Project-Cronus\Cronus\Assets\AstarPathfindingProject\PackageTools\UniqueComponentAttribute.cs", "C#", 0, 0, 6, 0, 0, 0, 0, 1, 7
"e:\GitHub\Project-Cronus\Cronus\Assets\AstarPathfindingProject\PackageTools\VersionedMonoBehaviour.cs", "C#", 0, 0, 31, 0, 0, 0, 12, 11, 54
"e:\GitHub\Project-Cronus\Cronus\Assets\AstarPathfindingProject\Pathfinders\ABPath.cs", "C#", 0, 0, 390, 0, 0, 0, 259, 108, 757
"e:\GitHub\Project-Cronus\Cronus\Assets\AstarPathfindingProject\TurnBased\BlockManager.cs", "C#", 0, 0, 97, 0, 0, 0, 49, 24, 170
"e:\GitHub\Project-Cronus\Cronus\Assets\AstarPathfindingProject\TurnBased\SingleNodeBlocker.cs", "C#", 0, 0, 32, 0, 0, 0, 30, 8, 70
"e:\GitHub\Project-Cronus\Cronus\Assets\AstarPathfindingProject\Utilities\AstarChecksum.cs", "C#", 0, 0, 12, 0, 0, 0, 6, 4, 22
"e:\GitHub\Project-Cronus\Cronus\Assets\AstarPathfindingProject\Utilities\AstarMemory.cs", "C#", 0, 0, 50, 0, 0, 0, 48, 12, 110
"e:\GitHub\Project-Cronus\Cronus\Assets\AstarPathfindingProject\Utilities\AstarParallel.cs", "C#", 0, 0, 72, 0, 0, 0, 25, 11, 108
"e:\GitHub\Project-Cronus\Cronus\Assets\AstarPathfindingProject\Utilities\AstarProfiler.cs", "C#", 0, 0, 145, 0, 0, 0, 45, 36, 226
"e:\GitHub\Project-Cronus\Cronus\Assets\AstarPathfindingProject\Utilities\DotNetReplacements.cs", "C#", 0, 0, 118, 0, 0, 0, 11, 35, 164
"e:\GitHub\Project-Cronus\Cronus\Assets\AstarPathfindingProject\Utilities\DynamicGridObstacle.cs", "C#", 0, 0, 127, 0, 0, 0, 73, 36, 236
"e:\GitHub\Project-Cronus\Cronus\Assets\AstarPathfindingProject\Utilities\Funnel.cs", "C#", 0, 0, 267, 0, 0, 0, 91, 75, 433
"e:\GitHub\Project-Cronus\Cronus\Assets\AstarPathfindingProject\Utilities\GraphGizmoHelper.cs", "C#", 0, 0, 125, 0, 0, 0, 18, 22, 165
"e:\GitHub\Project-Cronus\Cronus\Assets\AstarPathfindingProject\Utilities\GraphUpdateUtilities.cs", "C#", 0, 0, 34, 0, 0, 0, 61, 15, 110
"e:\GitHub\Project-Cronus\Cronus\Assets\AstarPathfindingProject\Utilities\PathUtilities.cs", "C#", 0, 0, 263, 0, 0, 0, 193, 81, 537
"e:\GitHub\Project-Cronus\Cronus\Assets\AstarPathfindingProject\Utilities\ProceduralGridMover.cs", "C#", 0, 0, 194, 0, 0, 0, 133, 50, 377
"e:\GitHub\Project-Cronus\Cronus\Assets\AstarPathfindingProject\Utilities\ProfileHelper.cs", "C#", 0, 0, 99, 0, 0, 0, 5, 20, 124
"e:\GitHub\Project-Cronus\Cronus\Assets\AstarPathfindingProject\Utilities\RetainedGizmos.cs", "C#", 0, 0, 243, 0, 0, 0, 80, 54, 377
"e:\GitHub\Project-Cronus\Cronus\Assets\AstarPathfindingProject\Utilities\UnityReferenceHelper.cs", "C#", 0, 0, 30, 0, 0, 0, 6, 5, 41
"e:\GitHub\Project-Cronus\Cronus\Assets\AstarPathfindingProject\link.xml", "XML", 22, 0, 0, 0, 0, 0, 0, 0, 22
"e:\GitHub\Project-Cronus\Cronus\Assets\AstarPathfindingProject\package.json", "JSON", 0, 42, 0, 0, 0, 0, 0, 0, 42
"e:\GitHub\Project-Cronus\Cronus\Assets\InputSystem\PlayerInputSet.cs", "C#", 0, 0, 447, 0, 0, 0, 202, 22, 671
"e:\GitHub\Project-Cronus\Cronus\Assets\Scripts\Camera\CameraLookAhead.cs", "C#", 0, 0, 28, 0, 0, 0, 0, 9, 37
"e:\GitHub\Project-Cronus\Cronus\Assets\Scripts\EnemyBullet.cs", "C#", 0, 0, 46, 0, 0, 0, 4, 10, 60
"e:\GitHub\Project-Cronus\Cronus\Assets\Scripts\Enemy\Animation\Enemy_AnimationTrigger.cs", "C#", 0, 0, 13, 0, 0, 0, 0, 3, 16
"e:\GitHub\Project-Cronus\Cronus\Assets\Scripts\Enemy\Enemy.cs", "C#", 0, 0, 375, 0, 0, 0, 36, 76, 487
"e:\GitHub\Project-Cronus\Cronus\Assets\Scripts\Enemy\EnemyVisibilityHandler.cs", "C#", 0, 0, 55, 0, 0, 0, 9, 13, 77
"e:\GitHub\Project-Cronus\Cronus\Assets\Scripts\Enemy\Enemy_Noob.cs", "C#", 0, 0, 33, 0, 0, 0, 0, 8, 41
"e:\GitHub\Project-Cronus\Cronus\Assets\Scripts\Entity.cs", "C#", 0, 0, 88, 0, 0, 0, 2, 28, 118
"e:\GitHub\Project-Cronus\Cronus\Assets\Scripts\HideSpot\HideSpot.cs", "C#", 0, 0, 8, 0, 0, 0, 0, 1, 9
"e:\GitHub\Project-Cronus\Cronus\Assets\Scripts\Player\Animation\Player_AnimationTrigger.cs", "C#", 0, 0, 13, 0, 0, 0, 0, 4, 17
"e:\GitHub\Project-Cronus\Cronus\Assets\Scripts\Player\Player.cs", "C#", 0, 0, 311, 0, 0, 0, 12, 71, 394
"e:\GitHub\Project-Cronus\Cronus\Assets\Scripts\Player\PlayerFeedBack.cs", "C#", 0, 0, 5, 0, 0, 0, 1, 5, 11
"e:\GitHub\Project-Cronus\Cronus\Assets\Scripts\Player\SoundWave.cs", "C#", 0, 0, 42, 0, 0, 0, 8, 9, 59
"e:\GitHub\Project-Cronus\Cronus\Assets\Scripts\Player\View\FieldOfView.cs", "C#", 0, 0, 102, 0, 0, 0, 11, 26, 139
"e:\GitHub\Project-Cronus\Cronus\Assets\Scripts\Player\View\HitInfo.cs", "C#", 0, 0, 25, 0, 0, 0, 0, 1, 26
"e:\GitHub\Project-Cronus\Cronus\Assets\Scripts\Player\View\ViewMeshCreater.cs", "C#", 0, 0, 33, 0, 0, 0, 0, 5, 38
"e:\GitHub\Project-Cronus\Cronus\Assets\Scripts\Player\View\ViewOf2D.cs", "C#", 0, 0, 255, 0, 0, 0, 40, 52, 347
"e:\GitHub\Project-Cronus\Cronus\Assets\Scripts\SearchRingManager.cs", "C#", 0, 0, 42, 0, 0, 0, 3, 9, 54
"e:\GitHub\Project-Cronus\Cronus\Assets\Scripts\StateMachine\Enemy\DestroyFinishedState.cs", "C#", 0, 0, 8, 0, 0, 0, 0, 1, 9
"e:\GitHub\Project-Cronus\Cronus\Assets\Scripts\StateMachine\Enemy\EnemyState.cs", "C#", 0, 0, 19, 0, 0, 0, 0, 6, 25
"e:\GitHub\Project-Cronus\Cronus\Assets\Scripts\StateMachine\Enemy\Enemy_AlertState.cs", "C#", 0, 0, 51, 0, 0, 0, 2, 10, 63
"e:\GitHub\Project-Cronus\Cronus\Assets\Scripts\StateMachine\Enemy\Enemy_BlockState.cs", "C#", 0, 0, 22, 0, 0, 0, 9, 7, 38
"e:\GitHub\Project-Cronus\Cronus\Assets\Scripts\StateMachine\Enemy\Enemy_ChaseState.cs", "C#", 0, 0, 64, 0, 0, 0, 6, 11, 81
"e:\GitHub\Project-Cronus\Cronus\Assets\Scripts\StateMachine\Enemy\Enemy_CqbState.cs", "C#", 0, 0, 38, 0, 0, 0, 2, 14, 54
"e:\GitHub\Project-Cronus\Cronus\Assets\Scripts\StateMachine\Enemy\Enemy_FaintState.cs", "C#", 0, 0, 33, 0, 0, 0, 6, 11, 50
"e:\GitHub\Project-Cronus\Cronus\Assets\Scripts\StateMachine\Enemy\Enemy_HearState.cs", "C#", 0, 0, 81, 0, 0, 0, 20, 18, 119
"e:\GitHub\Project-Cronus\Cronus\Assets\Scripts\StateMachine\Enemy\Enemy_IdleState.cs", "C#", 0, 0, 48, 0, 0, 0, 2, 10, 60
"e:\GitHub\Project-Cronus\Cronus\Assets\Scripts\StateMachine\Enemy\Enemy_KnockbackState.cs", "C#", 0, 0, 28, 0, 0, 0, 2, 10, 40
"e:\GitHub\Project-Cronus\Cronus\Assets\Scripts\StateMachine\Enemy\Enemy_MoveState.cs", "C#", 0, 0, 71, 0, 0, 0, 1, 16, 88
"e:\GitHub\Project-Cronus\Cronus\Assets\Scripts\StateMachine\Enemy\Enemy_SearchState.cs", "C#", 0, 0, 112, 0, 0, 0, 4, 31, 147
"e:\GitHub\Project-Cronus\Cronus\Assets\Scripts\StateMachine\Enemy\Enemy_ShootState.cs", "C#", 0, 0, 74, 0, 0, 0, 4, 24, 102
"e:\GitHub\Project-Cronus\Cronus\Assets\Scripts\StateMachine\Enemy\Enemy_SuspiciousState.cs", "C#", 0, 0, 114, 0, 0, 0, 14, 32, 160
"e:\GitHub\Project-Cronus\Cronus\Assets\Scripts\StateMachine\EntityState.cs", "C#", 0, 0, 33, 0, 0, 0, 4, 12, 49
"e:\GitHub\Project-Cronus\Cronus\Assets\Scripts\StateMachine\Player\PlayerState.cs", "C#", 0, 0, 18, 0, 0, 0, 0, 5, 23
"e:\GitHub\Project-Cronus\Cronus\Assets\Scripts\StateMachine\Player\Player_AttackState.cs", "C#", 0, 0, 39, 0, 0, 0, 2, 15, 56
"e:\GitHub\Project-Cronus\Cronus\Assets\Scripts\StateMachine\Player\Player_BasicState.cs", "C#", 0, 0, 92, 0, 0, 0, 6, 13, 111
"e:\GitHub\Project-Cronus\Cronus\Assets\Scripts\StateMachine\Player\Player_ChargeActionState.cs", "C#", 0, 0, 32, 0, 0, 0, 4, 9, 45
"e:\GitHub\Project-Cronus\Cronus\Assets\Scripts\StateMachine\Player\Player_DashState.cs", "C#", 0, 0, 42, 0, 0, 0, 0, 11, 53
"e:\GitHub\Project-Cronus\Cronus\Assets\Scripts\StateMachine\Player\Player_FailedAttackState.cs", "C#", 0, 0, 24, 0, 0, 0, 1, 7, 32
"e:\GitHub\Project-Cronus\Cronus\Assets\Scripts\StateMachine\Player\Player_HiddenState.cs", "C#", 0, 0, 46, 0, 0, 0, 2, 13, 61
"e:\GitHub\Project-Cronus\Cronus\Assets\Scripts\StateMachine\Player\Player_HitState.cs", "C#", 0, 0, 39, 0, 0, 0, 0, 10, 49
"e:\GitHub\Project-Cronus\Cronus\Assets\Scripts\StateMachine\Player\Player_IdleState.cs", "C#", 0, 0, 31, 0, 0, 0, 2, 11, 44
"e:\GitHub\Project-Cronus\Cronus\Assets\Scripts\StateMachine\Player\Player_MoveState.cs", "C#", 0, 0, 41, 0, 0, 0, 4, 12, 57
"e:\GitHub\Project-Cronus\Cronus\Assets\Scripts\StateMachine\Player\Player_PrepareChargeState.cs", "C#", 0, 0, 57, 0, 0, 0, 6, 19, 82
"e:\GitHub\Project-Cronus\Cronus\Assets\Scripts\StateMachine\Player\Player_RunState.cs", "C#", 0, 0, 63, 0, 0, 0, 3, 15, 81
"e:\GitHub\Project-Cronus\Cronus\Assets\Scripts\StateMachine\StateMachine.cs", "C#", 0, 0, 25, 0, 0, 0, 0, 7, 32
"e:\GitHub\Project-Cronus\Cronus\Assets\Scripts\UI & Menu\CheckGameClear.cs", "C#", 0, 0, 13, 0, 0, 0, 2, 3, 18
"e:\GitHub\Project-Cronus\Cronus\Assets\Scripts\UI & Menu\MenuBase.cs", "C#", 0, 0, 65, 0, 0, 0, 4, 11, 80
"e:\GitHub\Project-Cronus\Cronus\Assets\Scripts\UI & Menu\MenuGameClear.cs", "C#", 0, 0, 21, 0, 0, 0, 1, 4, 26
"e:\GitHub\Project-Cronus\Cronus\Assets\Scripts\UI & Menu\MenuGameOver.cs", "C#", 0, 0, 53, 0, 0, 0, 1, 10, 64
"e:\GitHub\Project-Cronus\Cronus\Assets\Scripts\UI & Menu\MenuTitle.cs", "C#", 0, 0, 53, 0, 0, 0, 1, 10, 64
"e:\GitHub\Project-Cronus\Cronus\Assets\Shader\StencilFog.shader", "UnityShader", 0, 0, 0, 39, 0, 0, 0, 5, 44
"e:\GitHub\Project-Cronus\Cronus\Assets\Shader\StencilMask.shader", "UnityShader", 0, 0, 0, 18, 0, 0, 0, 1, 19
"e:\GitHub\Project-Cronus\Cronus\Assets\Shader\StencilRead.shader", "UnityShader", 0, 0, 0, 32, 0, 0, 0, 7, 39
"e:\GitHub\Project-Cronus\Cronus\Assets\Shader\StencilWrite.shader", "UnityShader", 0, 0, 0, 33, 0, 0, 0, 7, 40
"e:\GitHub\Project-Cronus\Cronus\Assets\TextMesh Pro\Shaders\SDFFunctions.hlsl", "UnityShader", 0, 0, 0, 130, 0, 0, 18, 31, 179
"e:\GitHub\Project-Cronus\Cronus\Assets\TextMesh Pro\Shaders\TMP_Bitmap-Custom-Atlas.shader", "UnityShader", 0, 0, 0, 113, 0, 0, 2, 31, 146
"e:\GitHub\Project-Cronus\Cronus\Assets\TextMesh Pro\Shaders\TMP_Bitmap-Mobile.shader", "UnityShader", 0, 0, 0, 123, 0, 0, 3, 30, 156
"e:\GitHub\Project-Cronus\Cronus\Assets\TextMesh Pro\Shaders\TMP_Bitmap.shader", "UnityShader", 0, 0, 0, 113, 0, 0, 2, 31, 146
"e:\GitHub\Project-Cronus\Cronus\Assets\TextMesh Pro\Shaders\TMP_SDF Overlay.shader", "UnityShader", 0, 0, 0, 253, 0, 0, 4, 70, 327
"e:\GitHub\Project-Cronus\Cronus\Assets\TextMesh Pro\Shaders\TMP_SDF SSD.shader", "UnityShader", 0, 0, 0, 253, 0, 0, 4, 65, 322
"e:\GitHub\Project-Cronus\Cronus\Assets\TextMesh Pro\Shaders\TMP_SDF-Mobile Masking.shader", "UnityShader", 0, 0, 0, 198, 0, 0, 10, 51, 259
"e:\GitHub\Project-Cronus\Cronus\Assets\TextMesh Pro\Shaders\TMP_SDF-Mobile Overlay.shader", "UnityShader", 0, 0, 0, 193, 0, 0, 8, 52, 253
"e:\GitHub\Project-Cronus\Cronus\Assets\TextMesh Pro\Shaders\TMP_SDF-Mobile SSD.shader", "UnityShader", 0, 0, 0, 82, 0, 0, 4, 21, 107
"e:\GitHub\Project-Cronus\Cronus\Assets\TextMesh Pro\Shaders\TMP_SDF-Mobile-2-Pass.shader", "UnityShader", 0, 0, 0, 290, 0, 0, 15, 85, 390
"e:\GitHub\Project-Cronus\Cronus\Assets\TextMesh Pro\Shaders\TMP_SDF-Mobile.shader", "UnityShader", 0, 0, 0, 192, 0, 0, 8, 51, 251
"e:\GitHub\Project-Cronus\Cronus\Assets\TextMesh Pro\Shaders\TMP_SDF-Surface-Mobile.shader", "UnityShader", 0, 0, 0, 104, 0, 0, 8, 28, 140
"e:\GitHub\Project-Cronus\Cronus\Assets\TextMesh Pro\Shaders\TMP_SDF-Surface.shader", "UnityShader", 0, 0, 0, 123, 0, 0, 4, 33, 160
"e:\GitHub\Project-Cronus\Cronus\Assets\TextMesh Pro\Shaders\TMP_SDF.shader", "UnityShader", 0, 0, 0, 253, 0, 0, 4, 70, 327
"e:\GitHub\Project-Cronus\Cronus\Assets\TextMesh Pro\Shaders\TMP_Sprite.shader", "UnityShader", 0, 0, 0, 111, 0, 0, 0, 21, 132
"e:\GitHub\Project-Cronus\Cronus\Assets\TextMesh Pro\Shaders\TMPro.cginc", "UnityShader", 0, 0, 0, 63, 0, 0, 2, 20, 85
"e:\GitHub\Project-Cronus\Cronus\Assets\TextMesh Pro\Shaders\TMPro_Mobile.cginc", "UnityShader", 0, 0, 0, 129, 0, 0, 2, 35, 166
"e:\GitHub\Project-Cronus\Cronus\Assets\TextMesh Pro\Shaders\TMPro_Properties.cginc", "UnityShader", 0, 0, 0, 62, 0, 0, 6, 13, 81
"e:\GitHub\Project-Cronus\Cronus\Assets\TextMesh Pro\Shaders\TMPro_Surface.cginc", "UnityShader", 0, 0, 0, 75, 0, 0, 7, 18, 100
"e:\GitHub\Project-Cronus\Cronus\Assets\TextMesh Pro\Sprites\EmojiOne.json", "JSON", 0, 155, 0, 0, 0, 0, 0, 2, 157
"e:\GitHub\Project-Cronus\Cronus\AstarPathfindingProject.csproj", "XML", 1234, 0, 0, 0, 0, 0, 1, 1, 1236
"e:\GitHub\Project-Cronus\Cronus\AstarPathfindingProjectEditor.csproj", "XML", 1166, 0, 0, 0, 0, 0, 1, 1, 1168
"e:\GitHub\Project-Cronus\Cronus\PackageToolsEditor.csproj", "XML", 1147, 0, 0, 0, 0, 0, 1, 1, 1149
"Total", "-", 6349, 230, 24698, 3248, 1900, 15381, 11059, 9204, 72069